cluster,ateco
Advance packaging,1711
Advance packaging,1712
Advance packaging,1721
Advance packaging,1722
Advance packaging,1723
Advance packaging,1724
Advance packaging,1729
Advance packaging,2221
Advance packaging,2222
Advance packaging,2229
Advance packaging,2420
Advance packaging,2561
Advance packaging,2573
Advance packaging,2599
Advance packaging,2899
Advance packaging,2932
Advance packaging,4676
Biopharma,1101
Biopharma,1722
Biopharma,2013
Biopharma,2014
Biopharma,2030
Biopharma,2041
Biopharma,2059
Biopharma,2110
Biopharma,4646
Biopharma,7211
Biopharma,7219
Blue growth,910
Blue growth,1020
Blue growth,2219
Blue growth,2599
Blue growth,2811
Blue growth,2822
Blue growth,3011
Blue growth,3012
Blue growth,3315
Blue growth,3511
Blue growth,3512
Blue growth,3600
Blue growth,4291
Blue growth,4614
Blue growth,4941
Blue growth,5010
Blue growth,5020
Blue growth,5030
Blue growth,5040
Blue growth,5210
Blue growth,5222
Blue growth,5223
Blue growth,5224
Blue growth,5229
Blue growth,7112
Blue growth,7120
Blue growth,7219
Blue growth,7311
Blue growth,7732
Blue growth,7734
Blue growth,7911
Creative industries,1820
Creative industries,4932
Creative industries,5811
Creative industries,5812
Creative industries,5814
Creative industries,5819
Creative industries,5911
Creative industries,5912
Creative industries,5913
Creative industries,5920
Creative industries,6201
Creative industries,6202
Creative industries,6203
Creative industries,6209
Creative industries,6311
Creative industries,6312
Creative industries,6391
Creative industries,6399
Creative industries,6420
Creative industries,7010
Creative industries,7021
Creative industries,7022
Creative industries,7111
Creative industries,7112
Creative industries,7120
Creative industries,7311
Creative industries,7312
Creative industries,7320
Creative industries,7410
Creative industries,7430
Creative industries,7490
Creative industries,7712
Creative industries,7740
Creative industries,7810
Creative industries,7830
Creative industries,8110
Creative industries,8220
Creative industries,8230
Creative industries,9101
Digital industries,2229
Digital industries,2561
Digital industries,2573
Digital industries,2611
Digital industries,2612
Digital industries,2620
Digital industries,2630
Digital industries,2640
Digital industries,2651
Digital industries,2652
Digital industries,2670
Digital industries,2680
Digital industries,2712
Digital industries,2790
Digital industries,2824
Digital industries,2829
Digital industries,2899
Digital industries,3250
Digital industries,4643
Digital industries,4651
Digital industries,4652
Digital industries,4666
Digital industries,4669
Digital industries,5811
Digital industries,5821
Digital industries,5829
Digital industries,6120
Digital industries,6130
Digital industries,6190
Digital industries,6201
Digital industries,6202
Digital industries,6209
Digital industries,7021
Digital industries,7320
Environmental industries,620
Environmental industries,910
Environmental industries,1621
Environmental industries,1629
Environmental industries,1722
Environmental industries,2014
Environmental industries,2015
Environmental industries,2016
Environmental industries,2059
Environmental industries,2229
Environmental industries,2349
Environmental industries,2351
Environmental industries,2410
Environmental industries,2521
Environmental industries,2530
Environmental industries,2599
Environmental industries,2651
Environmental industries,2811
Environmental industries,2829
Environmental industries,2899
Environmental industries,3511
Environmental industries,3512
Environmental industries,3600
Environmental industries,3812
Environmental industries,3822
Environmental industries,3831
Environmental industries,4621
Environmental industries,4622
Environmental industries,4950
Environmental industries,5222
Environmental industries,5229
Environmental industries,7112
Environmental industries,7211
Environmental industries,7219
Experience industries,4618
Experience industries,4642
Experience industries,4649
Experience industries,4791
Experience industries,4939
Experience industries,5030
Experience industries,5040
Experience industries,5222
Experience industries,5223
Experience industries,5510
Experience industries,5520
Experience industries,5530
Experience industries,5590
Experience industries,5829
Experience industries,6201
Experience industries,6209
Experience industries,6312
Experience industries,7021
Experience industries,7022
Experience industries,7721
Experience industries,7911
Experience industries,7912
Experience industries,7990
Experience industries,8230
Experience industries,9001
Experience industries,9002
Experience industries,9003
Experience industries,9004
Experience industries,9102
Experience industries,9103
Experience industries,9104
Experience industries,9200
Experience industries,9311
Experience industries,9312
Experience industries,9319
Experience industries,9321
Experience industries,9329
Logistical services,3316
Logistical services,4932
Logistical services,4939
Logistical services,4941
Logistical services,5110
Logistical services,5121
Logistical services,5221
Logistical services,5223
Logistical services,5224
Logistical services,5229
Logistical services,6130
Medical device,2332
Medical device,2540
Medical device,2573
Medical device,2611
Medical device,2640
Medical device,2651
Medical device,2652
Medical device,2660
Medical device,2670
Medical device,2712
Medical device,2731
Medical device,2732
Medical device,2733
Medical device,2751
Medical device,2790
Medical device,2812
Medical device,2813
Medical device,2825
Medical device,2829
Medical device,2895
Medical device,3250
Medical device,4646
Medical device,6203
Mobility technologies,2221
Mobility technologies,2229
Mobility technologies,2410
Mobility technologies,2453
Mobility technologies,2454
Mobility technologies,2530
Mobility technologies,2550
Mobility technologies,2561
Mobility technologies,2562
Mobility technologies,2573
Mobility technologies,2594
Mobility technologies,2599
Mobility technologies,2611
Mobility technologies,2711
Mobility technologies,2712
Mobility technologies,2732
Mobility technologies,2733
Mobility technologies,2751
Mobility technologies,2790
Mobility technologies,2811
Mobility technologies,2812
Mobility technologies,2813
Mobility technologies,2815
Mobility technologies,2822
Mobility technologies,2824
Mobility technologies,2825
Mobility technologies,2829
Mobility technologies,2830
Mobility technologies,2841
Mobility technologies,2849
Mobility technologies,2892
Mobility technologies,2894
Mobility technologies,2895
Mobility technologies,2896
Mobility technologies,2899
Mobility technologies,2910
Mobility technologies,2920
Mobility technologies,2931
Mobility technologies,2932
Mobility technologies,3020
Mobility technologies,3030
Mobility technologies,3040
Mobility technologies,3092
Mobility technologies,4690
